ordinal	commandId	phase	cwd	argv	expectedExit	immediateCopy
1	B-GIT-STATUS	preflight	<REPO_ROOT>	git status --porcelain	0	metadata/preflight/git-status.txt
2	B-GIT-REVISION	preflight	<REPO_ROOT>	git rev-parse HEAD	0	metadata/preflight/candidate-revision.txt
3	B-BASELINE-DIFF	preflight	<REPO_ROOT>	git diff --exit-code <CANDIDATE_REVISION> -- .mvn/api-baseline	0	metadata/preflight/baseline-diff.txt
4	B-BASELINE-CHECK	preflight	.mvn/api-baseline	shasum -a 256 -c SHA256SUMS	0	metadata/preflight/baseline-check.txt
5	B-BASELINE-AUTHORITY	preflight	<REPO_ROOT>	shasum -a 256 .mvn/api-baseline/SHA256SUMS	0	metadata/preflight/baseline-authority.txt
6	B-INSTALL-CANDIDATE	preflight	<REPO_ROOT>	./mvnw -X -Drevision=<FINAL_VERSION> -Prelease-artifacts -Dmaven.repo.local=<RUN_REPO> -pl tfi-all -am clean install -DskipTests org.apache.maven.plugins:maven-dependency-plugin:3.9.0:help -Ddetail=false -Dgoal=tree	0	build/candidate-install.log
7	F01-COMPARE	focused	<REPO_ROOT>	./mvnw -Dmaven.repo.local=<RUN_REPO> -Drevision=<FINAL_VERSION> -pl tfi-compare clean -Dtest=LegacySnapshotRemovalContractTests,CompareArtifactStaticStateContractTests,EntityKeyClassCacheContractTests,CompareBehaviorCharacterizationTests,CompareBreakingChangeManifestTests,CompareManifestCoverageTests,CompareResourceInventoryContractTests,CompareLegacyApiRemovalContractTests,TrackingOptionsCompatContractTests,CompareRequestIsolationTests,SnapshotPathBoundaryTests,MapListComparisonPropertyTests,QueryDeepCoverageTests test	0	focused/hrd-01/tfi-compare/TEST-com.syy.taskflowinsight.compatibility.LegacySnapshotRemovalContractTests.xml,focused/hrd-01/tfi-compare/TEST-com.syy.taskflowinsight.architecture.CompareArtifactStaticStateContractTests.xml,focused/hrd-01/tfi-compare/TEST-com.syy.taskflowinsight.tracking.ssot.key.EntityKeyClassCacheContractTests.xml,focused/hrd-01/tfi-compare/TEST-com.syy.taskflowinsight.compatibility.CompareBehaviorCharacterizationTests.xml,focused/hrd-01/tfi-compare/TEST-com.syy.taskflowinsight.compatibility.CompareBreakingChangeManifestTests.xml,focused/hrd-01/tfi-compare/TEST-com.syy.taskflowinsight.compatibility.CompareManifestCoverageTests.xml,focused/hrd-01/tfi-compare/TEST-com.syy.taskflowinsight.compatibility.CompareResourceInventoryContractTests.xml,focused/hrd-01/tfi-compare/TEST-com.syy.taskflowinsight.tracking.compare.CompareLegacyApiRemovalContractTests.xml,focused/hrd-01/tfi-compare/TEST-com.syy.taskflowinsight.api.TrackingOptionsCompatContractTests.xml,focused/hrd-01/tfi-compare/TEST-com.syy.taskflowinsight.tracking.compare.internal.CompareRequestIsolationTests.xml,focused/hrd-01/tfi-compare/TEST-com.syy.taskflowinsight.tracking.compare.internal.SnapshotPathBoundaryTests.xml,focused/hrd-01/tfi-compare/TEST-com.syy.taskflowinsight.tracking.compare.MapListComparisonPropertyTests.xml,focused/hrd-01/tfi-compare/TEST-com.syy.taskflowinsight.tracking.query.QueryDeepCoverageTests.xml
8	F01-ALL	focused	<REPO_ROOT>	./mvnw -Dmaven.repo.local=<RUN_REPO> -Drevision=<FINAL_VERSION> -pl tfi-all -Dtest=com.syy.taskflowinsight.api.TFIArchitectureTest test	0	focused/hrd-01/tfi-all/TEST-com.syy.taskflowinsight.api.TFIArchitectureTest.xml
9	F01-EXAMPLES	focused	<REPO_ROOT>	./mvnw -Dmaven.repo.local=<RUN_REPO> -Drevision=<FINAL_VERSION> -pl tfi-examples -Dtest=com.syy.taskflowinsight.demo.Demo03Scenario7SortingTest test	0	focused/hrd-01/tfi-examples/TEST-com.syy.taskflowinsight.demo.Demo03Scenario7SortingTest.xml
10	F02-OPS	focused	<REPO_ROOT>	./mvnw -Dmaven.repo.local=<RUN_REPO> -Drevision=<FINAL_VERSION> -pl tfi-ops-spring clean -Dtest=com.syy.taskflowinsight.ops.compare.CompareOpsAutoConfigurationContractTests,com.syy.taskflowinsight.ops.compare.ObservedCompareOperationsContractTests,com.syy.taskflowinsight.ops.compare.CompareOpsHealthContractTests test	0	focused/hrd-02/tfi-ops-spring/TEST-com.syy.taskflowinsight.ops.compare.CompareOpsAutoConfigurationContractTests.xml,focused/hrd-02/tfi-ops-spring/TEST-com.syy.taskflowinsight.ops.compare.ObservedCompareOperationsContractTests.xml,focused/hrd-02/tfi-ops-spring/TEST-com.syy.taskflowinsight.ops.compare.CompareOpsHealthContractTests.xml
11	F02-ALL	focused	<REPO_ROOT>	./mvnw -Dmaven.repo.local=<RUN_REPO> -Drevision=<FINAL_VERSION> -pl tfi-all clean -Dtest=com.syy.taskflowinsight.api.CompareOpsBootAutoConfigurationIntegrationTests,com.syy.taskflowinsight.api.CompareOpsConsumerContractTests test	0	focused/hrd-02/tfi-all/TEST-com.syy.taskflowinsight.api.CompareOpsBootAutoConfigurationIntegrationTests.xml,focused/hrd-02/tfi-all/TEST-com.syy.taskflowinsight.api.CompareOpsConsumerContractTests.xml
12	F03-SCRIPT-TEST	focused	<REPO_ROOT>	python3 -m unittest scripts.tests.test_enforce_static_analysis_baseline	0	focused/hrd-03/script-baseline-tests.log
13	F03-FLOW	focused	<REPO_ROOT>	./mvnw -Dmaven.repo.local=<RUN_REPO> -Drevision=<FINAL_VERSION> -pl tfi-flow-spring-starter clean -Dtest=com.syy.taskflowinsight.config.ContextMonitoringAutoConfigurationTest test	0	focused/hrd-03/tfi-flow-spring-starter/TEST-com.syy.taskflowinsight.config.ContextMonitoringAutoConfigurationTest.xml
14	F03-STARTER	focused	<REPO_ROOT>	./mvnw -Dmaven.repo.local=<RUN_REPO> -Drevision=<FINAL_VERSION> -pl tfi-compare-spring-starter clean -Dtest=com.syy.taskflowinsight.compare.spring.CompareContextIsolationTests,com.syy.taskflowinsight.compare.spring.TfiTaskDeepTrackingDelegateContractTests,com.syy.taskflowinsight.compare.spring.CompareAutoConfigurationContractTests,com.syy.taskflowinsight.compare.spring.CompareConfigurationContractTests,com.syy.taskflowinsight.compare.spring.CompareStarterBuildConfigurationContractTests test checkstyle:checkstyle pmd:pmd	0	focused/hrd-03/tfi-compare-spring-starter/TEST-com.syy.taskflowinsight.compare.spring.CompareContextIsolationTests.xml,focused/hrd-03/tfi-compare-spring-starter/TEST-com.syy.taskflowinsight.compare.spring.TfiTaskDeepTrackingDelegateContractTests.xml,focused/hrd-03/tfi-compare-spring-starter/TEST-com.syy.taskflowinsight.compare.spring.CompareAutoConfigurationContractTests.xml,focused/hrd-03/tfi-compare-spring-starter/TEST-com.syy.taskflowinsight.compare.spring.CompareConfigurationContractTests.xml,focused/hrd-03/tfi-compare-spring-starter/TEST-com.syy.taskflowinsight.compare.spring.CompareStarterBuildConfigurationContractTests.xml
15	F03-RATCHET	focused	<REPO_ROOT>	python3 scripts/enforce_static_analysis_baseline.py --module tfi-compare-spring-starter	0	focused/hrd-03/tfi-compare-spring-starter/static-ratchet.log
16	F03-OPS	focused	<REPO_ROOT>	./mvnw -Dmaven.repo.local=<RUN_REPO> -Drevision=<FINAL_VERSION> -pl tfi-ops-spring clean -Dtest=com.syy.taskflowinsight.ops.compare.CompareOpsAutoConfigurationContractTests,com.syy.taskflowinsight.ops.compare.CompareOpsHealthContractTests test	0	focused/hrd-03/tfi-ops-spring/TEST-com.syy.taskflowinsight.ops.compare.CompareOpsAutoConfigurationContractTests.xml,focused/hrd-03/tfi-ops-spring/TEST-com.syy.taskflowinsight.ops.compare.CompareOpsHealthContractTests.xml
17	F03-ALL	focused	<REPO_ROOT>	./mvnw -Dmaven.repo.local=<RUN_REPO> -Drevision=<FINAL_VERSION> -pl tfi-all -Dtest=com.syy.taskflowinsight.api.CompareFlowContextIsolationIntegrationTests,com.syy.taskflowinsight.api.CompareOpsBootAutoConfigurationIntegrationTests,com.syy.taskflowinsight.api.StaticAndSpringCompareContractTests,com.syy.taskflowinsight.api.CompareOpsConsumerContractTests test	0	focused/hrd-03/tfi-all/TEST-com.syy.taskflowinsight.api.CompareFlowContextIsolationIntegrationTests.xml,focused/hrd-03/tfi-all/TEST-com.syy.taskflowinsight.api.CompareOpsBootAutoConfigurationIntegrationTests.xml,focused/hrd-03/tfi-all/TEST-com.syy.taskflowinsight.api.StaticAndSpringCompareContractTests.xml,focused/hrd-03/tfi-all/TEST-com.syy.taskflowinsight.api.CompareOpsConsumerContractTests.xml
18	F04-COMPARE	focused	<REPO_ROOT>	./mvnw -Dmaven.repo.local=<RUN_REPO> -Drevision=<FINAL_VERSION> -pl tfi-compare -Dtest=com.syy.taskflowinsight.architecture.CompareDocumentationContractTests test	0	focused/hrd-04/tfi-compare/TEST-com.syy.taskflowinsight.architecture.CompareDocumentationContractTests.xml
19	F04-STARTER	focused	<REPO_ROOT>	./mvnw -Dmaven.repo.local=<RUN_REPO> -Drevision=<FINAL_VERSION> -pl tfi-compare-spring-starter clean -Dtest=com.syy.taskflowinsight.compare.spring.CompareAutoConfigurationContractTests,com.syy.taskflowinsight.compare.spring.CompareConfigurationContractTests test	0	focused/hrd-04/tfi-compare-spring-starter/TEST-com.syy.taskflowinsight.compare.spring.CompareAutoConfigurationContractTests.xml,focused/hrd-04/tfi-compare-spring-starter/TEST-com.syy.taskflowinsight.compare.spring.CompareConfigurationContractTests.xml
20	F04-EXAMPLES	focused	<REPO_ROOT>	./mvnw -Dmaven.repo.local=<RUN_REPO> -Drevision=<FINAL_VERSION> -pl tfi-examples clean -Dtest=com.syy.taskflowinsight.demo.CompareProfilesStartupContractTests,com.syy.taskflowinsight.demo.DemoControllerTest test	0	focused/hrd-04/tfi-examples/TEST-com.syy.taskflowinsight.demo.CompareProfilesStartupContractTests.xml,focused/hrd-04/tfi-examples/TEST-com.syy.taskflowinsight.demo.DemoControllerTest.xml
21	F04-ALL	focused	<REPO_ROOT>	./mvnw -Dmaven.repo.local=<RUN_REPO> -Drevision=<FINAL_VERSION> -pl tfi-all -Dtest=com.syy.taskflowinsight.api.StaticAndSpringCompareContractTests test	0	focused/hrd-04/tfi-all/TEST-com.syy.taskflowinsight.api.StaticAndSpringCompareContractTests.xml
22	F06-COMPARE	focused	<REPO_ROOT>	./mvnw -Dmaven.repo.local=<RUN_REPO> -Drevision=<FINAL_VERSION> -pl tfi-compare clean -Dtest=CompareContainerCapacityContractTests,SnapshotPathBoundaryTests,SetEntityComparisonPropertyTests,MapListComparisonPropertyTests test	0	focused/hrd-06/tfi-compare/TEST-com.syy.taskflowinsight.tracking.compare.internal.CompareContainerCapacityContractTests.xml,focused/hrd-06/tfi-compare/TEST-com.syy.taskflowinsight.tracking.compare.internal.SnapshotPathBoundaryTests.xml,focused/hrd-06/tfi-compare/TEST-com.syy.taskflowinsight.tracking.compare.SetEntityComparisonPropertyTests.xml,focused/hrd-06/tfi-compare/TEST-com.syy.taskflowinsight.tracking.compare.MapListComparisonPropertyTests.xml
23	F06-OPS	focused	<REPO_ROOT>	./mvnw -Dmaven.repo.local=<RUN_REPO> -Drevision=<FINAL_VERSION> -pl tfi-ops-spring clean -Dtest=StoreSensitiveLoggingContractTests,ObservedCompareOperationsContractTests,CaffeineStoreContractTest,StoreConfigTest test	0	focused/hrd-06/tfi-ops-spring/TEST-com.syy.taskflowinsight.store.StoreSensitiveLoggingContractTests.xml,focused/hrd-06/tfi-ops-spring/TEST-com.syy.taskflowinsight.ops.compare.ObservedCompareOperationsContractTests.xml,focused/hrd-06/tfi-ops-spring/TEST-com.syy.taskflowinsight.store.CaffeineStoreContractTest.xml,focused/hrd-06/tfi-ops-spring/TEST-com.syy.taskflowinsight.store.StoreConfigTest.xml
24	F06-EXAMPLES	focused	<REPO_ROOT>	./mvnw -Dmaven.repo.local=<RUN_REPO> -Drevision=<FINAL_VERSION> -pl tfi-examples -Pbench -Dtest=CompareProductionBenchmarkRunnerTests test	0	focused/hrd-06/tfi-examples/TEST-com.syy.taskflowinsight.benchmark.CompareProductionBenchmarkRunnerTests.xml
25	F07-PUBLISH	focused	<REPO_ROOT>	./mvnw -Dmaven.repo.local=<RUN_REPO> -Drevision=<FINAL_VERSION> -Prelease-artifacts -pl tfi-flow-core,tfi-flow-spring-starter,tfi-compare,tfi-compare-spring-starter,tfi-ops-spring,tfi-all -am clean package	0	focused/hrd-07/publish-package.log
26	F07-COMPARE	focused	<REPO_ROOT>	./mvnw -Dmaven.repo.local=<RUN_REPO> -Drevision=<FINAL_VERSION> -pl tfi-compare clean -Dtest=ComparePublishabilityContractTests,PublishArtifactAssemblerContractTests,CompatibilityMatrixFixturePreparerContractTests test	0	focused/hrd-07/tfi-compare/TEST-com.syy.taskflowinsight.architecture.ComparePublishabilityContractTests.xml,focused/hrd-07/tfi-compare/TEST-com.syy.taskflowinsight.architecture.PublishArtifactAssemblerContractTests.xml,focused/hrd-07/tfi-compare/TEST-com.syy.taskflowinsight.architecture.CompatibilityMatrixFixturePreparerContractTests.xml
27	F07-ARTIFACT	focused	<REPO_ROOT>	bash scripts/verify_tfi_compare_artifact_consumers.sh --fixture publish-layout --version <FINAL_VERSION>	0	artifact-consumers/publish-layout/TEST-com.syy.taskflowinsight.it.PublishLayoutArtifactTests.xml
28	F08-COMPARE	focused	<REPO_ROOT>	./mvnw -Dmaven.repo.local=<RUN_REPO> -Drevision=<FINAL_VERSION> -pl tfi-compare clean -Dtest=ReleasePolicyParserContractTests,SupplyChainEvidenceContractTests,SecretFinalizeContractTests,CompareBuildConfigurationContractTests test	0	focused/hrd-08/tfi-compare/TEST-com.syy.taskflowinsight.architecture.ReleasePolicyParserContractTests.xml,focused/hrd-08/tfi-compare/TEST-com.syy.taskflowinsight.architecture.SupplyChainEvidenceContractTests.xml,focused/hrd-08/tfi-compare/TEST-com.syy.taskflowinsight.architecture.SecretFinalizeContractTests.xml,focused/hrd-08/tfi-compare/TEST-com.syy.taskflowinsight.architecture.CompareBuildConfigurationContractTests.xml
29	F08-ALL	focused	<REPO_ROOT>	./mvnw -Dmaven.repo.local=<RUN_REPO> -Drevision=<FINAL_VERSION> -pl tfi-all -Dtest=com.syy.taskflowinsight.api.SensitiveLogCanaryIntegrationTests test	0	focused/hrd-08/tfi-all/TEST-com.syy.taskflowinsight.api.SensitiveLogCanaryIntegrationTests.xml
30	F08-POLICY	focused	<REPO_ROOT>	java scripts/release-evidence/ReleaseEvidenceVerifier.java verify-policy scripts/release-evidence/fixtures/production-policy/policy.tsv	0	focused/hrd-08/policy-verifier.log
31	F-COMPLETION-PRE	focused	<REPO_ROOT>	./mvnw -Dmaven.repo.local=<RUN_REPO> -Drevision=<FINAL_VERSION> -pl tfi-compare clean -Dtfi.release.audit.mode=<AUDIT_MODE> -Dtest=com.syy.taskflowinsight.architecture.CompareReleaseHardeningCompletionAuditTests,com.syy.taskflowinsight.architecture.ReleaseEvidenceVerifierContractTests test	0	focused/hrd-05/tfi-compare/TEST-com.syy.taskflowinsight.architecture.CompareReleaseHardeningCompletionAuditTests.xml,focused/hrd-05/tfi-compare/TEST-com.syy.taskflowinsight.architecture.ReleaseEvidenceVerifierContractTests.xml
32	M-OWNERS-VERIFY	module-verify	<REPO_ROOT>	./mvnw -Drevision=<FINAL_VERSION> -Dmaven.repo.local=<RUN_REPO> -pl tfi-flow-spring-starter,tfi-compare,tfi-compare-spring-starter,tfi-ops-spring,tfi-examples,tfi-all -am clean verify	0	module-verify/maven.log,module-verify/tfi-compare/jacoco.xml,module-verify/tfi-compare/spotbugs.xml,module-verify/tfi-compare/checkstyle.xml,module-verify/tfi-compare/pmd.xml,module-verify/tfi-compare-spring-starter/jacoco.xml,module-verify/tfi-compare-spring-starter/spotbugs.xml,module-verify/tfi-compare-spring-starter/checkstyle.xml,module-verify/tfi-compare-spring-starter/pmd.xml
33	C-STARTER	artifact	<REPO_ROOT>	./mvnw -Dmaven.repo.local=<DISPOSABLE_REPO> -f tfi-compare/src/it/artifact-consumers/starter-only/pom.xml -Pcandidate -Dtfi.candidate.version=<CANDIDATE_VERSION> -Dtfi.it.phase=starter-only -Dtfi.it.expected.version=<CANDIDATE_VERSION> -Dtfi.it.expected.repository=<DISPOSABLE_REPO> -Dtfi.it.expected.sha.manifest=<EVIDENCE>/metadata/candidate-artifacts.sha256 -Dtfi.it.codesource.output=<EVIDENCE>/artifact-consumers/starter-only/codesource.tsv clean dependency:tree -DoutputType=text -DoutputFile=<EVIDENCE>/artifact-consumers/starter-only/dependency-tree.txt test	0	artifact-consumers/starter-only/maven.log,artifact-consumers/starter-only/dependency-tree.txt,artifact-consumers/starter-only/codesource.tsv,artifact-consumers/starter-only/TEST-com.syy.taskflowinsight.it.StarterOnlyArtifactTests.xml
34	C-OPS	artifact	<REPO_ROOT>	./mvnw -Dmaven.repo.local=<DISPOSABLE_REPO> -f tfi-compare/src/it/artifact-consumers/ops-only/pom.xml -Pcandidate -Dtfi.candidate.version=<CANDIDATE_VERSION> -Dtfi.it.phase=ops-only -Dtfi.it.expected.version=<CANDIDATE_VERSION> -Dtfi.it.expected.repository=<DISPOSABLE_REPO> -Dtfi.it.expected.sha.manifest=<EVIDENCE>/metadata/candidate-artifacts.sha256 -Dtfi.it.codesource.output=<EVIDENCE>/artifact-consumers/ops-only/codesource.tsv clean dependency:tree -DoutputType=text -DoutputFile=<EVIDENCE>/artifact-consumers/ops-only/dependency-tree.txt test	0	artifact-consumers/ops-only/maven.log,artifact-consumers/ops-only/dependency-tree.txt,artifact-consumers/ops-only/codesource.tsv,artifact-consumers/ops-only/TEST-com.syy.taskflowinsight.it.OpsOnlyArtifactTests.xml
35	C-COMPOSED	artifact	<REPO_ROOT>	./mvnw -Dmaven.repo.local=<DISPOSABLE_REPO> -f tfi-compare/src/it/artifact-consumers/composed-boot/pom.xml -Pcandidate -Dtfi.candidate.version=<CANDIDATE_VERSION> -Dtfi.it.phase=composed-boot -Dtfi.it.expected.version=<CANDIDATE_VERSION> -Dtfi.it.expected.repository=<DISPOSABLE_REPO> -Dtfi.it.expected.sha.manifest=<EVIDENCE>/metadata/candidate-artifacts.sha256 -Dtfi.it.codesource.output=<EVIDENCE>/artifact-consumers/composed-boot/codesource.tsv clean dependency:tree -DoutputType=text -DoutputFile=<EVIDENCE>/artifact-consumers/composed-boot/dependency-tree.txt test	0	artifact-consumers/composed-boot/maven.log,artifact-consumers/composed-boot/dependency-tree.txt,artifact-consumers/composed-boot/codesource.tsv,artifact-consumers/composed-boot/TEST-com.syy.taskflowinsight.it.ComposedBootArtifactTests.xml
36	C-HIERARCHY	artifact	<REPO_ROOT>	./mvnw -Dmaven.repo.local=<DISPOSABLE_REPO> -f tfi-compare/src/it/artifact-consumers/context-hierarchy/pom.xml -Pcandidate -Dtfi.candidate.version=<CANDIDATE_VERSION> -Dtfi.it.phase=context-hierarchy -Dtfi.it.expected.version=<CANDIDATE_VERSION> -Dtfi.it.expected.repository=<DISPOSABLE_REPO> -Dtfi.it.expected.sha.manifest=<EVIDENCE>/metadata/candidate-artifacts.sha256 -Dtfi.it.codesource.output=<EVIDENCE>/artifact-consumers/context-hierarchy/codesource.tsv clean dependency:tree -DoutputType=text -DoutputFile=<EVIDENCE>/artifact-consumers/context-hierarchy/dependency-tree.txt test	0	artifact-consumers/context-hierarchy/maven.log,artifact-consumers/context-hierarchy/dependency-tree.txt,artifact-consumers/context-hierarchy/codesource.tsv,artifact-consumers/context-hierarchy/TEST-com.syy.taskflowinsight.it.ContextHierarchyArtifactTests.xml
37	C-ROLLBACK-BEFORE	artifact	<REPO_ROOT>	./mvnw -Dmaven.repo.local=<DISPOSABLE_REPO> -f tfi-compare/src/it/artifact-consumers/baseline-upgrade-rollback/pom.xml -Pbaseline -Dtfi.candidate.version=<CANDIDATE_VERSION> -Dtfi.it.phase=baseline-before -Dtfi.it.expected.version=3.0.0 -Dtfi.it.expected.repository=<DISPOSABLE_REPO> -Dtfi.it.expected.sha.manifest=<EVIDENCE>/metadata/normalized-baseline-artifacts.sha256 -Dtfi.it.codesource.output=<EVIDENCE>/artifact-consumers/baseline-upgrade-rollback/baseline-before/codesource.tsv clean dependency:tree -DoutputType=text -DoutputFile=<EVIDENCE>/artifact-consumers/baseline-upgrade-rollback/baseline-before/dependency-tree.txt test	0	artifact-consumers/baseline-upgrade-rollback/baseline-before/maven.log,artifact-consumers/baseline-upgrade-rollback/baseline-before/dependency-tree.txt,artifact-consumers/baseline-upgrade-rollback/baseline-before/codesource.tsv,artifact-consumers/baseline-upgrade-rollback/baseline-before/TEST-com.syy.taskflowinsight.it.StableFacadeSmokeTests.xml
38	C-ROLLBACK-CANDIDATE	artifact	<REPO_ROOT>	./mvnw -Dmaven.repo.local=<DISPOSABLE_REPO> -f tfi-compare/src/it/artifact-consumers/baseline-upgrade-rollback/pom.xml -Pcandidate -Dtfi.candidate.version=<CANDIDATE_VERSION> -Dtfi.it.phase=candidate -Dtfi.it.expected.version=<CANDIDATE_VERSION> -Dtfi.it.expected.repository=<DISPOSABLE_REPO> -Dtfi.it.expected.sha.manifest=<EVIDENCE>/metadata/candidate-artifacts.sha256 -Dtfi.it.codesource.output=<EVIDENCE>/artifact-consumers/baseline-upgrade-rollback/candidate/codesource.tsv clean dependency:tree -DoutputType=text -DoutputFile=<EVIDENCE>/artifact-consumers/baseline-upgrade-rollback/candidate/dependency-tree.txt test	0	artifact-consumers/baseline-upgrade-rollback/candidate/maven.log,artifact-consumers/baseline-upgrade-rollback/candidate/dependency-tree.txt,artifact-consumers/baseline-upgrade-rollback/candidate/codesource.tsv,artifact-consumers/baseline-upgrade-rollback/candidate/TEST-com.syy.taskflowinsight.it.StableFacadeSmokeTests.xml
39	C-ROLLBACK-AFTER	artifact	<REPO_ROOT>	./mvnw -Dmaven.repo.local=<DISPOSABLE_REPO> -f tfi-compare/src/it/artifact-consumers/baseline-upgrade-rollback/pom.xml -Pbaseline -Dtfi.candidate.version=<CANDIDATE_VERSION> -Dtfi.it.phase=baseline-after -Dtfi.it.expected.version=3.0.0 -Dtfi.it.expected.repository=<DISPOSABLE_REPO> -Dtfi.it.expected.sha.manifest=<EVIDENCE>/metadata/normalized-baseline-artifacts.sha256 -Dtfi.it.codesource.output=<EVIDENCE>/artifact-consumers/baseline-upgrade-rollback/baseline-after/codesource.tsv clean dependency:tree -DoutputType=text -DoutputFile=<EVIDENCE>/artifact-consumers/baseline-upgrade-rollback/baseline-after/dependency-tree.txt test	0	artifact-consumers/baseline-upgrade-rollback/baseline-after/maven.log,artifact-consumers/baseline-upgrade-rollback/baseline-after/dependency-tree.txt,artifact-consumers/baseline-upgrade-rollback/baseline-after/codesource.tsv,artifact-consumers/baseline-upgrade-rollback/baseline-after/TEST-com.syy.taskflowinsight.it.StableFacadeSmokeTests.xml
40	C-MIXED	artifact	<REPO_ROOT>	./mvnw -Dmaven.repo.local=<DISPOSABLE_REPO> -f tfi-compare/src/it/artifact-consumers/baseline-upgrade-rollback/pom.xml -Pmixed -Dtfi.candidate.version=<CANDIDATE_VERSION> clean validate	NON_ZERO_DEPENDENCY_CONVERGENCE	artifact-consumers/baseline-upgrade-rollback/mixed/maven.log,artifact-consumers/baseline-upgrade-rollback/mixed/expected-failure.tsv
41	A-BASELINE-CHECK	api	.mvn/api-baseline	shasum -a 256 -c SHA256SUMS	0	api/baseline-check.txt
42	A-CONTRACTS	api	<REPO_ROOT>	./mvnw -Dmaven.repo.local=<RUN_REPO> -Drevision=<FINAL_VERSION> -pl tfi-compare clean -Dtest=com.syy.taskflowinsight.compatibility.CompareApiInventoryContractTests,com.syy.taskflowinsight.compatibility.CompareBreakingChangeManifestTests,com.syy.taskflowinsight.compatibility.CompareManifestCoverageTests,com.syy.taskflowinsight.compatibility.CompareResourceInventoryContractTests,com.syy.taskflowinsight.compatibility.CompareSpringRemovalContractTests,com.syy.taskflowinsight.architecture.CompareDependencyBoundaryTests,com.syy.taskflowinsight.architecture.CompareBuildConfigurationContractTests test	0	api/contracts.log
43	A-JAPICMP	api	<REPO_ROOT>	./mvnw -Dmaven.repo.local=<RUN_REPO> -Drevision=<FINAL_VERSION> -pl tfi-compare -Papi-compat verify -DskipTests	0	api/japicmp.log
44	A-TREE	api	<REPO_ROOT>	./mvnw -Dmaven.repo.local=<RUN_REPO> -Drevision=<FINAL_VERSION> -pl tfi-all dependency:tree -DoutputType=text -DoutputFile=<EVIDENCE>/api/dependency-tree.txt	0	api/dependency-tree.txt
45	P-JMH	performance	<REPO_ROOT>	./mvnw -Dmaven.repo.local=<RUN_REPO> -Drevision=<FINAL_VERSION> -q -pl tfi-examples -Pbench -DskipTests compile org.codehaus.mojo:exec-maven-plugin:3.5.0:exec -Dexec.executable=java -Dexec.classpathScope=runtime -Dexec.args=-cp\ %classpath\ com.syy.taskflowinsight.benchmark.TfiRoutingBenchmarkRunner	0	performance/jmh.log,performance/tfi-routing-enabled.json,performance/tfi-routing-legacy.json,performance/artifacts.tsv
46	P-STRICT	performance	<REPO_ROOT>	./mvnw -Dmaven.repo.local=<RUN_REPO> -Drevision=<FINAL_VERSION> -q -pl tfi-all -Dtest=TfiRoutingPerfGateTests -Dit.test=TfiRoutingPerfGateIT verify -Dtfi.perf.enabled=true -Dtfi.perf.strict=true	0	performance/strict.log,performance/TEST-com.syy.taskflowinsight.perf.TfiRoutingPerfGateTests.xml,performance/TEST-com.syy.taskflowinsight.perf.TfiRoutingPerfGateIT.xml
47	V-PORTFOLIO	portfolio	<REPO_ROOT>	./mvnw -Drevision=<FINAL_VERSION> -Dmaven.repo.local=<RUN_REPO> clean verify	0	portfolio/reactor.log,portfolio/test-summary.tsv
48	S-PUBLISH-ASSEMBLE	supply-chain	<REPO_ROOT>	java scripts/release-evidence/PublishArtifactAssembler.java assemble <EVIDENCE> <PRODUCTION_POLICY>	0	-
49	S-SUPPLY-COLLECT	supply-chain	<REPO_ROOT>	bash scripts/collect_tfi_compare_supply_chain_evidence.sh collect <EVIDENCE> <PRODUCTION_POLICY>	0	-
50	S-SECRET-FINALIZE	supply-chain	<REPO_ROOT>	bash scripts/collect_tfi_compare_supply_chain_evidence.sh secret-finalize <EVIDENCE> <PRODUCTION_POLICY>	0	-
51	S-VERIFY-SUPPLY	supply-chain	<REPO_ROOT>	java scripts/release-evidence/ReleaseEvidenceVerifier.java verify-supply-chain <EVIDENCE> <PRODUCTION_POLICY>	0	-
